{
  "categorical_accuracy": [
    0.25,
    0.3125,
    0.4375,
    0.375,
    0.375,
    0.375,
    0.375,
    0.375,
    0.375,
    0.375,
    0.375
  ],
  "loss": [
    1.5654045343399048,
    12392284160.0,
    318523899904.0,
    1.6043559312820435,
    1.601963996887207,
    1.6004652976989746,
    1.5979583263397217,
    1.597332239151001,
    1.5962244272232056,
    1.5952926874160767,
    1.594259262084961
  ],
  "val_categorical_accuracy": [
    0.5,
    0.0,
    0.0,
    0.0,
    0.0,
    0.0,
    0.0,
    0.0,
    0.0,
    0.0,
    0.0
  ],
  "val_loss": [
    0.8179502487182617,
    1285643264.0,
    1.618997573852539,
    1.6235880851745605,
    1.6266053915023804,
    1.6282804012298584,
    1.6299526691436768,
    1.6314884424209595,
    1.6330209970474243,
    1.633924126625061,
    1.6354647874832153
  ],
  "learning_rate": [
    0.0010000000474974513,
    0.0010000000474974513,
    0.0010000000474974513,
    0.0010000000474974513,
    0.0010000000474974513,
    0.0010000000474974513,
    0.0005000000237487257,
    0.0005000000237487257,
    0.0005000000237487257,
    0.0005000000237487257,
    0.0005000000237487257
  ]
}